{
  "project_info": {
    "project_number": "816816055279",
    "project_id": "productcatalog-34018",
    "storage_bucket": "productcatalog-34018.appspot.com"
  },
  "client": [
    {
      "client_info": {
        "mobilesdk_app_id": "1:816816055279:android:26349a0f8fa182a90d4c1a",
        "android_client_info": {
          "package_name": "com.example.lab5"
        }
      },
      "oauth_client": [],
      "api_key": [
        {
          "current_key": "AIzaSyA_Z86mF6vbB-9utHrDVWAH5Zkh3w-bL_M"
        }
      ],
      "services": {
        "appinvite_service": {
          "other_platform_oauth_client": []
        }
      }
    }
  ],
  "configuration_version": "1"
}